{
  "name": "Harry Potter OpenAPI Connector",
  "description": "Connector for accessing Harry Potter data from an OpenAPI endpoint",
  "backendCategory": "custom",
  "userCreated": true,
  "icon": "harry_potter_icon.png",
  "isSchemaExtractable": false,
  "meta": [
    {
      "name": "api_base_url",
      "description": "Base URL for the Harry Potter API",
      "sectionName": "Connection",
      "defaultValue": "http://example.com",
      "dataType": "STRING",
      "isRequired": true
    }
  ]
}