{
  "name": "OpenAPI Unified Connector",
  "description": "Connector that maps LDAP search operations to Conjur OpenAPI authentication endpoints.",
  "backendCategory": "custom",
  "userCreated": true,
  "icon": "icons/openapi.png",
  "isSchemaExtractable": false,
  "meta": [
    {
      "name": "hostname",
      "description": "Base URL of the Conjur server (e.g., https://conjur.example.com)",
      "sectionName": "Connection",
      "defaultValue": "https://localhost",
      "dataType": "STRING",
      "isRequired": true,
      "regex": "^https?://[a-zA-Z0-9.-]+(:[0-